Date,Added,Added,Removed,Removed,Reason
Date,Ticker,Security,Ticker,Security,Reason
"April 17, 2025",STRL,Sterling Infrastructure,PDCO,Patterson Companies,STRL replaced PDCO after it was acquired by Patient Square Capital.[5]
"April 16, 2025",ACT,Enact Holdings,SWI,SolarWinds,ACT replaced SWI after it was acquired by Turn/River Capital.[6]
"April 2, 2025",ANGI,Angi Inc.,ODP,The ODP Corporation,ANGI was spun off from IAC Inc. and replaced ODP which was no longer representative of the small-cap market space.[7]
"March 24, 2025",TFX,Teleflex,VFC,VF Corporation,TFX was moved from the S&P 500 as it was more representative of the small cap market space. VFC was moved to the S&P 400 as it was more representative of the mid-cap market space.[8]
"March 24, 2025",CE,Celanese,ALK,Alaska Air Group,CE was moved from the S&P 500 as it was more representative of the small cap market space. ALK was moved to the S&P 400 as it was more representative of the mid-cap market space.[8]
"March 24, 2025",FMC,FMC Corporation,HIMS,Hims & Hers Health,FMC was moved from the S&P 500 as it was more representative of the small cap market space. HIMS was moved to the S&P 400 as it was more representative of the mid-cap market space.[8]
"March 24, 2025",BWA,BorgWarner,AMBC,Ambac Financial Group,BWA was moved from the S&P 500 as it was more representative of the small cap market space. AMBC was removed from the S&P 600 as it was no longer representative of the small-cap market space.[8]
"March 24, 2025",CC,Chemours,BBWI,"Bath & Body Works, Inc.",CC was moved from the S&P 400 as it was more representative of the small cap market space. BBWI was moved to the S&P 400 as it was more representative of the mid-cap market space.[8]
"March 24, 2025",TDC,Teradata,ATI,ATI Inc.,TDC was moved from the S&P 400 as it was more representative of the small cap market space. ATI was moved to the S&P 400 as it was more representative of the mid-cap market space.[8]
"March 24, 2025",NEOG,Neogen,SATS,EchoStar,NEOG was moved from the S&P 400 as it was more representative of the small cap market space. SATS was moved to the S&P 400 as it was more representative of the mid-cap market space.[8]
"March 24, 2025",RHP,Ryman Hospitality Properties,WNC,Wabash National,RHP replaced WNC as it was no longer representative of the small-cap market space.[8]
"March 24, 2025",ESI,Element Solutions,GDOT,Green Dot Corporation,ESI replaced GDOT as it was no longer representative of the small-cap market space.[8]
"March 24, 2025",FRPT,Freshpet,FLGT,Fulgent Genetics,FRPT replaced FLGT as it was no longer representative of the small-cap market space.[8]
"March 24, 2025",WSC,WillScot Holdings Corp.,NBR,Nabors Industries,WSC replaced NBR as it was no longer representative of the small-cap market space.[8]
"March 24, 2025",MWA,Mueller Water Products,GPRE,Green Plains Inc.,MWA replaced GPRE as it was no longer representative of the small-cap market space.[8]
"March 24, 2025",KTOS,Kratos Defense & Security Solutions,MATV,Mativ Holdings,KTOS replaced MATV as it was no longer representative of the small-cap market space.[8]
"March 24, 2025",CLSK,CleanSpark,HAIN,Hain Celestial Group,CLSK replaced HAIN as it was no longer representative of the small-cap market space.[8]
"February 25, 2025",SNDK,SanDisk,LESL,Leslie's,SNDK was spun off from Western Digital and replaced LESL which was no longer representative of the small-cap market space.[9]
"February 19, 2025",KAI,Kadant,NARI,Inari Medical,KAI replaced NARI after it was acquired by Stryker Corporation.[10]
"February 13, 2025",GOLF,Acushnet Company,ROIC,Retail Opportunity Investments,GOLF replaced ROIC after it was acquired by Blackstone Inc.[11]
"February 10, 2025",MRP,Millrose Properties,IRWD,Ironwood Pharmaceuticals,MRP was spun off from Lennar and replaced IRWD which was no longer representative of the small-cap market space.[12]
"January 27, 2025",ARWR,Arrowhead Pharmaceuticals,B,Barnes Group,B was acquired by Apollo Global Management. ARWR was moved from the S&P 400 to replace it as it was more representative of the small cap market space.[13]
"January 14, 2025",ENOV,Enovis,ARCH,Arch Resources,"ARCH was acquired by Consol Energy. Following completion of the merger, Consol Energy will be renamed Core Natural Resources Inc., and its ticker will change to CNR. ENOV was moved from the S&P 400 to replace it as it was more representative of the small cap market space.[14]"
"January 3, 2025",ACAD,Acadia Pharmaceuticals,IBTX,Independent Bank Group,ACAD replaced IBTX after it was acquired by SouthState Bank.[15]
"January 2, 2025",GDYN,Grid Dynamics Holdings,GEAR,Revelyst,GDYN replaced GEAR after it was acquired by Strategic Value Partners.[16]
"December 30, 2024",INSW,International Seaways,CNSL,Consolidated Communications,INSW replaced CNSL after it was acquired by British Columbia Investment Management Corporation and Searchlight Capital.[17]
"December 23, 2024",QRVO,Qorvo,KELYA,Kelly Services,QRVO was moved from the S&P 500 as it was more representative of the small cap market space. KELYA was removed from the S&P 600 as it was no longer representative of the small-cap market space.[18]
"December 23, 2024",AMTM,Amentum,SVC,Service Properties Trust,AMTM was moved from the S&P 500 as it was more representative of the small cap market space. SVC was removed from the S&P 600 as it was no longer representative of the small-cap market space.[18]
"December 23, 2024",VSH,Vishay Intertechnology,CMA,Comerica,VSH was moved from the S&P 400 as it was more representative of the small cap market space. CMA was moved to the S&P 400 as it was more representative of the mid-cap market space.[18]
"December 23, 2024",CRI,Carter's,CRS,Carpenter Technology,CRI was moved from the S&P 400 as it was more representative of the small cap market space. CRS was moved to the S&P 400 as it was more representative of the mid-cap market space.[18]
"December 23, 2024",TRNO,Terreno Realty,HPP,Hudson Pacific Properties,TRNO replaced HPP as it was no longer representative of the small-cap market space.[18]
"December 23, 2024",SKY,Champion Homes,RGNX,REGENXBIO,SKY replaced RGNX as it was no longer representative of the small-cap market space.[18]
"November 27, 2024",CON,Concentra Group Holdings,MYE,Myers Industries,CON replaced MYE as it was no longer representative of the small-cap market space.[19]
"November 26, 2024",AESI,Atlas Energy Solutions,MLI,Mueller Industries,"AESI replaced MLI, which replaced Texas Pacific Land Corporation in the S&P 400 after it was moved to the S&P 500.[20]"
"November 25, 2024",DFH,Dream Finders Homes,HAYN,Haynes International,DFH replaced HAYN after it was acquired by Acerinox.[21]
"November 25, 2024",AZTA,Azenta,ENV,Envestnet,ENV was acquired by Bain Capital. AZTA was moved from the S&P 400 to replace it as it was more representative of the small cap market space.[19]
"November 4, 2024",ECG,Everus Construction Group,CLW,Clearwater Paper Corporation,ECG was spun off from MDU Resources and replaced CLW which was no longer representative of the small-cap market space.[22]
"October 11, 2024",MDU,MDU Resources,CHUY,Chuy's,CHUY was acquired by Darden Restaurants. MDU was moved from the S&P 400 to replace it as it announced its intention to spin-off a company at a later date.[23]
"October 9, 2024",HIMS,Hims & Hers Health,VGR,Vector Group,HIMS replaced VGR after it was acquired by JT Group.[24]
"October 4, 2024",CRGY,Crescent Energy Company,PRFT,Perficient,CRGY replaced PRFT after it was acquired by EQT AB.[25]
"October 1, 2024",CURB,Curbline Properties,CCRN,Cross Country Healthcare,CURB was spun off from SITE Centers and replaced CCRN which was no longer representative of the small-cap market space.[26]
"October 1, 2024",TMDX,TransMedics Group,ENSG,Ensign Group,"TMDX replaced ENSG, which replaced Southwestern Energy in the S&P 400 after it was acquired by Chesapeake Energy.[26]"
"October 1, 2024",BBWI,"Bath & Body Works, Inc.",MOV,Movado,BBWI was moved from the S&P 500 as it was more representative of the small cap market space. MOV was removed from the S&P 600 as it was no longer representative of the small-cap market space.[27]
"September 23, 2024",ETSY,Etsy,HVT,Havertys,ETSY was moved from the S&P 500 as it was more representative of the small cap market space. HVT was removed from the S&P 600 as it was no longer representative of the small-cap market space.[28]
"September 23, 2024",TGNA,Tegna Inc.,DBI,Designer Brands,TGNA was moved from the S&P 400 as it was more representative of the small cap market space. DBI was removed from the S&P 600 as it was no longer representative of the small-cap market space.[28]
"September 23, 2024",ZD,Ziff Davis,FN,Fabrinet,ZD was moved from the S&P 400 as it was more representative of the small cap market space. FN was moved to the S&P 400 as it was more representative of the mid-cap market space.[28]
"September 23, 2024",MP,MP Materials,CVGW,"Calavo Growers, Inc.",MP was moved from the S&P 400 as it was more representative of the small cap market space. CVGW was removed from the S&P 600 as it was no longer representative of the small-cap market space.[28]
"September 23, 2024",PGNY,Progyny,EHAB,Enhabit,PGNY was moved from the S&P 400 as it was more representative of the small cap market space. EHAB was removed from the S&P 600 as it was no longer representative of the small-cap market space.[28]
"September 23, 2024",ADNT,Adient,MERC,Mercer International,ADNT was moved from the S&P 400 as it was more representative of the small cap market space. MERC was removed from the S&P 600 as it was no longer representative of the small-cap market space.[28]
"September 23, 2024",WOLF,Wolfspeed,CMP,Compass Minerals,WOLF was moved from the S&P 400 as it was more representative of the small cap market space. CMP was removed from the S&P 600 as it was no longer representative of the small-cap market space.[28]
"September 23, 2024",HELE,Helen of Troy Limited,DDD,3D Systems Corporation,HELE was moved from the S&P 400 as it was more representative of the small cap market space. DDD was removed from the S&P 600 as it was no longer representative of the small-cap market space.[28]
"September 23, 2024",ZWS,Zurn Elkay Water Solutions,CHCT,Community Healthcare Trust,ZWS replaced CHCT as it was no longer representative of the small-cap market space.[28]
"September 23, 2024",YOU,Clear Secure,VREX,Varex Imaging,YOU replaced VREX as it was no longer representative of the small-cap market space.[28]
"September 23, 2024",TGTX,TG Therapeutics,DIN,Dine Brands Global,TGTX replaced DIN as it was no longer representative of the small-cap market space.[28]
"September 23, 2024",INSP,Inspire Medical Systems,NUS,Nu Skin Enterprises,INSP replaced NUS as it was no longer representative of the small-cap market space.[28]
"September 23, 2024",CSWI,CSW Industrials,AMCX,AMC Networks,CSWI replaced AMCX as it was no longer representative of the small-cap market space.[28]
"September 23, 2024",ADMA,ADMA Biologics,ZEUS,Olympic Steel,ADMA replaced ZEUS as it was no longer representative of the small-cap market space.[28]
"September 23, 2024",PI,Impinj,RILY,B. Riley Financial,PI replaced RILY as it was no longer representative of the small-cap market space.[28]
"August 9, 2024",SWI,SolarWinds,SPWR,SunPower,SWI replaced SPWR after it filed for Chapter 11 bankruptcy and is no longer eligible for continued inclusion in the S&P 600.[29]
"July 31, 2024",SNDR,Schneider National,SLCA,U.S. Silica Holdings,SNDR replaced SLCA after it was acquired by Apollo Global Management.[30]
"July 26, 2024",QDEL,QuidelOrtho,HIBB,Hibbett Sports,HIBB was acquired by JD Sports. QDEL was moved from the S&P 400 to replace it as it was more representative of the small cap market space.[30]
"July 22, 2024",GTES,Gates Corporation,ANF,Abercrombie & Fitch Company,"GTES replaced ANF, which replaced Equitrans Midstream in the S&P 400 after it was acquired by EQT Corporation.[31]"
"July 3, 2024",PTGX,Protagonist Therapeutics,WIRE,Encore Wire Corporation,PTGX replaced WIRE after it was acquired by Prysmian Group.[32]
"June 24, 2024",CMA,Comerica,ADTN,ADTRAN,CMA was moved from the S&P 500 as it was more representative of the small cap market space. ADTN was removed from the S&P 600 as it was no longer representative of the small-cap market space.[33]
"June 24, 2024",RHI,Robert Half,HOUS,Anywhere Real Estate,RHI was moved from the S&P 500 as it was more representative of the small cap market space. HOUS was removed from the S&P 600 as it was no longer representative of the small-cap market space.[33]
"June 24, 2024",LEG,Leggett & Platt,MEI,Methode Electronics,LEG was moved from the S&P 400 as it was more representative of the small cap market space. MEI was removed from the S&P 600 as it was no longer representative of the small-cap market space.[33]
"June 24, 2024",HTZ,Hertz,CLDT,Chatham Lodging Trust,HTZ was moved from the S&P 400 as it was more representative of the small cap market space. CLDT was removed from the S&P 600 as it was no longer representative of the small-cap market space.[33]
"June 24, 2024",GO,Grocery Outlet,NFBK,"Northfield Bancorp,",GO was moved from the S&P 400 as it was more representative of the small cap market space. NFBK was removed from the S&P 600 as it was no longer representative of the small-cap market space.[33]
"June 24, 2024",PENN,Penn Entertainment,XPER,Xperi,PENN was moved from the S&P 400 as it was more representative of the small cap market space. XPER was removed from the S&P 600 as it was no longer representative of the small-cap market space.[33]
"June 24, 2024",IART,Integra Lifesciences,RGP,Resources Connection,IART was moved from the S&P 400 as it was more representative of the small cap market space. RGP was removed from the S&P 600 as it was no longer representative of the small-cap market space.[33]
"June 24, 2024",WERN,Werner Enterprises,ATNI,ATN International,WERN was moved from the S&P 400 as it was more representative of the small cap market space. ATNI was removed from the S&P 600 as it was no longer representative of the small-cap market space.[33]
"June 24, 2024",KRYS,Krystal Biotech,OSUR,OraSure Technologies,KRYS replaced OSUR as it was no longer representative of the small-cap market space.[33]
"June 24, 2024",VIRT,Virtu Financial,MCS,Marcus Corporation,VIRT replaced MCS as it was no longer representative of the small-cap market space.[33]
"June 24, 2024",STEP,StepStone Group,TTEC,TTEC Holdings,STEP replaced TTEC as it was no longer representative of the small-cap market space.[33]
"June 24, 2024",WHD,Cactus,MED,Medifast,WHD replaced MED as it was no longer representative of the small-cap market space.[33]
"June 24, 2024",TDW,Tidewate,CRNC,Cerence,TDW replaced CRNC as it was no longer representative of the small-cap market space.[33]
"May 8, 2024",MARA,Marathon Digital,AAON,AAON,"MARA replaced AAON, which replaced Vistra Corp in the S&P 400 after it was moved to the S&P 500.[34]"
"May 7, 2024",DOCN,DigitalOcean,AGTI,Agiliti,DOCN replaced AGTI after it was acquired by Thomas H. Lee Partners.[35]
"May 6, 2024",IAC,IAC Inc.,AEL,American Equity Investment Life Holding Co.,IAC replaced AEL after it was acquired by Brookfield Reinsurance.[36]
"April 23, 2024",CNS,Cohen & Steers,KAMN,Kaman Corporation,CNS replaced KAMN after it was acquired by Arcline Investment Management.[37]
"April 22, 2024",CABO,Cable One,MDC,MDC Holdings,MDC was acquired by Sekisui House. CABO was moved from the S&P 400 to replace it as it was more representative of the small cap market space.[38]
"April 3, 2024",VFC,VF Corporation,MODV,ModivCare,VFC was moved from the S&P 500 as it was more representative of the small cap market space. MODV was removed from the S&P 600 as it was no longer representative of the small-cap market space.[39]
"April 3, 2024",FOXF,Fox Factory,SSP,E. W. Scripps Company,FOXF was moved from the S&P 400 as it was more representative of the small cap market space. SSP was removed from the S&P 600 as it was no longer representative of the small-cap market space.[39]
"April 1, 2024",RUN,Sunrun,PGTI,PGT Innovations,PGTI was acquired by MITER Brands. RUN was moved from the S&P 400 to replace it as it was more representative of the small cap market space. [40]
"April 1, 2024",NARI,Inari Medical,CPE,Callon Petroleum,CPE was acquired by APA Corporation. NARI was moved from the S&P 400 to replace it as it was more representative of the small cap market space. [41]
"March 18, 2024",CALX,"Calix, Inc.",CYTK,Cytokinetics,CALX was moved from the S&P 400 as it was more representative of the small cap market space. CYTK was moved to the S&P 400 as it was more representative of the mid-cap market space. [42]
"March 18, 2024",MPW,Medical Properties Trust,AIT,Applied Industrial Technologies,MPW was moved from the S&P 400 as it was more representative of the small cap market space. AIT was moved to the S&P 400 as it was more representative of the mid-cap market space. [42]
"March 18, 2024",MGY,Magnolia Oil & Gas,CRMT,Americas Carmart,MGY replaced CRMT as it was no longer representative of the small-cap market space. [42]
"March 18, 2024",AL,Air Lease Corporation,TBI,TrueBlue,AL replaced TBI as it was no longer representative of the small-cap market space. [42]
"March 18, 2024",BOX,"Box, Inc.",FORR,Forrester Research,BOX replaced FORR as it was no longer representative of the small-cap market space. [42]
"March 18, 2024",BGC,BGC Group,OIS,Oil States International,BGC replaced OIS as it was no longer representative of the small-cap market space. [42]
"March 18, 2024",BL,BlackLine Systems,APPS,Digital Turbine,BL replaced APPS as it was no longer representative of the small-cap market space. [42]
"March 18, 2024",ARCH,Arch Resources,CCSI,Consensus Cloud Solutions,ARCH replaced CCSI as it was no longer representative of the small-cap market space. [42]
"March 18, 2024",MGEE,MGE Energy,IRBT,iRobot,MGEE replaced IRBT as it was no longer representative of the small-cap market space. [42]
"March 4, 2024",CXM,Sprinklr,MDRX,Veradigm,CXM replaced MDRX after it was suspended from the Nasdaq Stock Market due to non-compliance with listing rules and is no longer eligible for continued inclusion in the S&P 600. [43]
"January 23, 2024",BTU,Peabody Energy,ELF,"e.l.f. Beauty, Inc.","BTU replaced ELF, which replaced Spirit Realty Capital in the S&P 400 after it was acquired by Realty Income.[44]"
"January 5, 2024",PDCO,Patterson Companies,CHS,Chico's FAS,CHS was acquired by Sycamore Partners. PDCO was moved from the S&P 400 to replace it as it was more representative of the small cap market space.[45]
"January 2, 2024",SATS,EchoStar,DISH,Dish Network,SATS replaced DISH after it acquired the company.[46]
"January 2, 2024",VYX,NCR Voyix,LTHM,Livent Corp.,"LTHM was merged with Allkem. The combined company, renamed Arcadium Lithium, will have a projected total market capitalization that is more representative of the mid-cap market space. VYX was moved from the S&P 400 to replace it as it was more representative of the small cap market space.[47]"
"January 2, 2024",RUSHA,Rush Enterprises,RPT,RPT Realty,RUSHA replaced RPT after it was acquired by Kimco Realty.[47]
"December 18, 2023",SEE,Sealed Air,OFIX,Orthofix Medical,SEE was moved from the S&P 500 as it was more representative of the small cap market space. OFIX was moved to the S&P 400 as it was more representative of the mid-cap market space.[48]
"December 18, 2023",ALSK,Alaska Air Group,RMBS,Rambus,ALSK was moved from the S&P 500 as it was more representative of the small cap market space. RMBS was moved to the S&P 400 as it was more representative of the mid-cap market space.[48]
"December 18, 2023",SEDG,SolarEdge,FIX,Comfort Systems USA,SEDG was moved from the S&P 500 as it was more representative of the small cap market space. FIX was removed from the S&P 600 as it was no longer representative of the small-cap market space.[48]
"December 18, 2023",MODG,Topgolf Callaway Brands,CLFD,Clearfield,MODG was moved from the S&P 400 as it was more representative of the small cap market space. CLFD was removed from the S&P 600 as it was no longer representative of the small-cap market space.[48]
"December 18, 2023",VSTS,Vestis,OSPN,OneSpan,VSTS was moved from the S&P 400 as it was more representative of the small cap market space. OSPN was removed from the S&P 600 as it was no longer representative of the small-cap market space.[48]
"December 18, 2023",ALKS,Alkermes,CYH,"Community Health Systems, Inc.",ALKS replaced CYH as it was no longer representative of the small-cap market space.[48]
"December 18, 2023",AWI,Armstrong World Industries,IVR,Invesco Mortgage Capital,AWI replaced IVR as it was no longer representative of the small-cap market space.[48]
"December 18, 2023",NHC,National Healthcare,CDMO,Avid Bioservices,NHC replaced CDMO as it was no longer representative of the small-cap market space.[48]
"December 18, 2023",PJT,PJT Partners,JRVR,James River Group Holdings,PJT replaced JRVR as it was no longer representative of the small-cap market space.[48]
"December 4, 2023",WS,Worthington Steel,SNBR,Sleep Number,"WS was spun off from Worthington Industries, and replaced SNBR which was no longer representative of the small-cap market space. Post spin-off Worthington Industries was renamed Worthington Enterprises.[49]"
"November 30, 2023","CWEN, CWEN.A","Clearway, Inc.",VRTV,Veritiv,"CWEN replaced VRTV after it was acquired by Clayton, Dubilier & Rice.[50]"
"November 30, 2023",WOR,Worthington Industries,AVTA,Avantax,"AVTA was acquired by Aretec Group, Inc. WOR was moved from the S&P 400 to replace it as it was more representative of the small cap market space.[50]"
"November 30, 2023",ICUI,ICU Medical,PACW,PacWest Bancorp,PACW was acquired by Banc of California. ICUI was moved from the S&P 400 to replace it as it was more representative of the small cap market space.[50]
"November 13, 2023",ACIW,ACI Worldwide,NXGN,NextGen Healthcare,NXGN was acquired by Thoma Bravo. ACIW was moved from the S&P 400 to replace it as it was more representative of the small cap market space.[51]
"November 10, 2023",AMR,Alpha Metallurgical Resources,AVID,Avid Technology,AMR replaced AVID after it was acquired by Symphony Technology Group.[52]
"November 7, 2023",ENV,Envestnet,TWNK,Hostess Brands,TWNK was acquired by The J.M. Smucker Company. ENV was moved from the S&P 400 to replace it as it was more representative of the small cap market space.[53]
"October 20, 2023",VICR,Vicor Corporation,CIR,CIRCOR International,CIR was acquired by KKR & Co. Inc.. VICR was moved from the S&P 400 to replace it as it was more representative of the small cap market space.[54]
"October 18, 2023",OGN,Organon & Co.,ONTO,Onto Innovation,OGN was moved from the S&P 500 as it was more representative of the small cap market space. ONTO was moved to the S&P 400 as it was more representative of the mid-cap market space.[55]
"October 18, 2023",NATL,NCR Atleos,ITOS,iTeos Therapeutics,"NATL was spun off from S&P 400 constituent NCR Corporation, renamed NCR Atleos, and replaced iTeos which was no longer representative of the small-cap market space.[56]"
"October 3, 2023",KLG,WK Kellogg Co,AVD,American Vanguard Corporation,"KLG was spun off from S&P 500 constituent Kellogg's, renamed WK Kellogg, and replaced AVD which was no longer representative of the small-cap market space.[57]"
"October 3, 2023",KSS,Kohl's,HA,Hawaiian Holdings,KSS was moved from the S&P 400 as it was more representative of the small cap market space. HA was removed from the S&P 600 as it was no longer representative of the small-cap market space.[57]
"October 3, 2023",DXC,DXC Technology,EBIX,Ebix,DXC was moved from the S&P 500 as it was more representative of the small cap market space. EBIX was removed from the S&P 600 as it was no longer representative of the small-cap market space.[57]
"September 29, 2023",HAYW,Hayward Holdings,CIVI,Civitas Resources,HAYW replaced CIVI which replaced Syneos Health in the S&P 400.[58]
"September 18, 2023",APLE,Apple Hospitality REIT,CPSI,Computer Programs and Systems,Market capitalization change.[59]
"September 18, 2023",LBRT,Liberty Energy,ZYXI,Zynex,Market capitalization change.[59]
"September 18, 2023",BXMT,Blackstone Mortgage Trust,RMAX,RE/MAX,Market capitalization change.[59]
"September 18, 2023",HASI,Hannon Armstrong,FF,FutureFuel,Market capitalization change.[59]
"September 18, 2023",JBLU,JetBlue,ONL,Orion Office REIT,Market capitalization change.[59]
"September 18, 2023",TRIP,TripAdvisor,VNDA,Vanda Pharmaceuticals,Market capitalization change.[59]
"September 18, 2023",HIW,Highwoods Properties,ANGO,AngioDynamics,Market capitalization change.[59]
"September 18, 2023",XRX,Xerox,OPI,Office Properties Income Trust,Market capitalization change.[59]
"September 18, 2023",ENR,Energizer,EGHT,8x8,Market capitalization change.[59]
"September 18, 2023",CATY,Cathay Bank,CHRS,Coherus Biosciences,Market capitalization change.[59]
"September 18, 2023",SXT,Sensient Technologies,NTGR,Netgear,Market capitalization change.[59]
"September 18, 2023",PZZA,Papa John's,AAN,"Aaron's, Inc.",Market capitalization change.[59]
"September 18, 2023",OMCL,Omnicell,TSE,Trinseo,Market capitalization change.[59]
"September 18, 2023",NWL,Newell Brands,UVE,Universal Insurance Holdings,Market capitalization change.[59]
"September 18, 2023",LNC,Lincoln National,QURE,UniQure,Market capitalization change.[59]
"September 1, 2023",JXN,Jackson Financial,NEX,NexTier Oilfield Solutions,JXN replaced NEX after it was acquired by Patterson-UTI.[60]
"September 1, 2023",GSHD,Goosehead Insurance,NUVA,NuVasive,GSHD replaced NUVA after it was acquired by Globus Medical.[60]
"August 25, 2023",AAP,Advance Auto Parts,EBS,Emergent BioSolutions,AAP was moved from the S&P 500 as it was more representative of the small cap market space. EBS was removed from the S&P 600 as it was no longer representative of the small-cap market space.[61]
"August 22, 2023",STAA,Staar Surgical,UBA,Urstadt Biddle Properties,UBA was acquired by Regency Centers. STAA was moved from the S&P 400 to replace it as it was more representative of the small cap market space.[62]
"August 21, 2023",MRCY,Mercury Systems,ARNC,Arconic,ARNC was acquired by Apollo Global Management. MRCY was moved from the S&P 400 to replace it as it was more representative of the small cap market space.[63]
"August 1, 2023",MSGS,Madison Square Garden Sports,AJRD,Aerojet Rocketdyne,MSGS replaced AJRD after it was acquired by L3Harris.[64]
"July 3, 2023",FTRE,Fortrea,SENEA,Seneca Foods,FTRE was spun off from Labcorp and replaced SENEA which was no longer representative of the small-cap market space.[65]
"July 3, 2023",PHIN,PHINIA,LOCO,El Pollo Loco,PHIN was spun off from BorgWarner and replaced LOCO which was no longer representative of the small-cap market space.[65]
"June 23, 2023",ABR,Arbor Realty Trust,ROCC,Ranger Oil,ABR replaced ROCC after it was acquired by Baytex Energy.[66]
"June 19, 2023",DISH,Dish Network,CUTR,"Cutera, Inc.",DISH was moved from the S&P 500 as it was more representative of the small cap market space. CUTR was removed from the S&P 600 as it was no longer representative of the small-cap market space.[67]
"June 19, 2023",NAVI,Navient,ZUMZ,Zumiez,NAVI was moved from the S&P 400 as it was more representative of the small cap market space. ZUMZ was removed from the S&P 600 as it was no longer representative of the small-cap market space.[67]
"June 19, 2023",SITM,SiTime,GCO,Genesco,SITM was moved from the S&P 400 as it was more representative of the small cap market space. GCO was removed from the S&P 600 as it was no longer representative of the small-cap market space.[67]
"June 19, 2023",MAC,Macerich,BOOM,Dynamic Materials Corporation,MAC was moved from the S&P 400 as it was more representative of the small cap market space. BOOM was removed from the S&P 600 as it was no longer representative of the small-cap market space.[67]
"June 19, 2023",VSCO,Victoria's Secret,GCI,Gannett,VSCO was moved from the S&P 400 as it was more representative of the small cap market space. GCI was removed from the S&P 600 as it was no longer representative of the small-cap market space.[67]
"June 19, 2023",DEI,Douglas Emmett,LPSN,LivePerson,DEI was moved from the S&P 400 as it was more representative of the small cap market space. LPSN was removed from the S&P 600 as it was no longer representative of the small-cap market space.[67]
"June 19, 2023",FULT,Fulton Financial Corporation,RYAM,Rayonier Advanced Materials,FULT was moved from the S&P 400 as it was more representative of the small cap market space. RYAM was removed from the S&P 600 as it was no longer representative of the small-cap market space.[67]
"June 19, 2023",NGVT,Ingevity Corp.,PLCE,The Children's Place,NGVT was moved from the S&P 400 as it was more representative of the small cap market space. PLCE was removed from the S&P 600 as it was no longer representative of the small-cap market space.[67]
"June 19, 2023",SPWR,SunPower,EGRX,"Eagle Pharmaceuticals, Inc.",SPWR was moved from the S&P 400 as it was more representative of the small cap market space. EGRX was removed from the S&P 600 as it was no longer representative of the small-cap market space.[67]
"June 19, 2023",WLY,John Wiley & Sons,CMTL,Comtech Telecommunications Corp.,WLY was moved from the S&P 400 as it was more representative of the small cap market space. CMTL was removed from the S&P 600 as it was no longer representative of the small-cap market space.[67]
"June 19, 2023",DAN,Dana Incorporated,PETS,PetMed Express,DAN was moved from the S&P 400 as it was more representative of the small cap market space. PETS was removed from the S&P 600 as it was no longer representative of the small-cap market space.[67]
"June 19, 2023",UFPT,UFP Technologies,BIG,Big Lots,BIG was removed from the S&P 600 and replaced with UFPT as it was no longer representative of the small-cap market space.[67]
"June 19, 2023",SDGR,"Schrödinger, Inc.",CARA,Cara Therapeutics,CARA was removed from the S&P 600 and replaced with SDGR as it was no longer representative of the small-cap market space.[67]
"June 19, 2023",PECO,Phillips Edison & Company,FARO,FARO Technologies,FARO was removed from the S&P 600 and replaced with PECO as it was no longer representative of the small-cap market space.[67]
"June 19, 2023",MC,Moelis & Company,DOUG,Douglas Elliman,DOUG was removed from the S&P 600 and replaced with MC as it was no longer representative of the small-cap market space.[67]
"June 19, 2023",CARG,CarGurus,INGN,Inogen,INGN was removed from the S&P 600 and replaced with CARG as it was no longer representative of the small-cap market space.[67]
"June 19, 2023",CRC,California Resources Corporation,TG,Tredegar Corporation,TG was removed from the S&P 600 and replaced with CRC as it was no longer representative of the small-cap market space.[67]
"June 19, 2023",APAM,Artisan Partners Asset Management,TREE,LendingTree,TREE was removed from the S&P 600 and replaced with APAM as it was no longer representative of the small-cap market space.[67]
"June 14, 2023",EXPI,eXp World Holdings,HSKA,Heska Corporation,"EXPI replaced HSKA after it was acquired by Mars, Incorporated.[68]"
"June 14, 2023",PRVA,Privia Health Group,RUTH,Ruth's Hospitality Group,PRVA replaced RUTH after it was acquired by Darden Restaurants.[68]
"June 1, 2023",BOH,Bank of Hawaii,HMST,HomeStreet Bank,BOH was moved from the S&P 400 as it was more representative of the small cap market space. HMST was removed from the S&P 600 as it was no longer representative of the small-cap market space.[69]
"May 1, 2023",CTKB,Cytek Biosciences,CSII,Cardiovascular Systems,CTKB replaced CSII after it was acquired by Abbott Laboratories.[70]
"April 5, 2023",PACW,PacWest Bancorp,NKTR,Nektar Therapeutics,PACW was moved from the S&P 400 as it was more representative of the small cap market space. NKTR was removed from the S&P 600 as it was no longer representative of the small-cap market space.[71]
"April 3, 2023",NABL,N-able,STAR,iStar,"NABL replaced STAR after it was acquired by Safehold, Inc.[72]"
"March 22, 2023",CERT,Certara,EXPO,Exponent,"CERT replaced EXPO which replaced IAA, Inc. in the S&P 400 after it was acquired by Ritchie Bros. Auctioneers.[73]"
"March 21, 2023",CVI,CVR Energy,AAWW,Atlas Air Worldwide Holdings,CVI replaced AAWW after it was acquired by Apollo Global Management.[73]
"March 20, 2023",LUMN,Lumen Technologies,BBBY,Bed Bath & Beyond,LUMN was moved from the S&P 500 as it was more representative of the small cap market space. BBBY was removed from the S&P 600 as it was no longer representative of the small-cap market space.[74]
"March 20, 2023",TNDM,Tandem Diabetes Care,ZIMV,ZimVie,TNDM was moved from the S&P 400 as it was more representative of the small cap market space. ZIMV was removed from the S&P 600 as it was no longer representative of the small-cap market space.[74]
"March 20, 2023",HBI,Hanesbrands,OPRX,OptimizeRx,HBI was moved from the S&P 400 as it was more representative of the small cap market space. OPRX was removed from the S&P 600 as it was no longer representative of the small-cap market space.[74]
"March 20, 2023",PEB,Pebblebrook Hotel Trust,ILPT,Industrial Logistics Properties Trust,PEB was moved from the S&P 400 as it was more representative of the small cap market space. ILPT was removed from the S&P 600 as it was no longer representative of the small-cap market space.[74]
"March 20, 2023",JBGS,JBG Smith,GPMT,Granite Point Mortgage Trust,JBGS was moved from the S&P 400 as it was more representative of the small cap market space. GPMT was removed from the S&P 600 as it was no longer representative of the small-cap market space.[74]
"March 20, 2023",KMT,Kennametal,PKE,Park Aerospace Corp,KMT was moved from the S&P 400 as it was more representative of the small cap market space. PKE was removed from the S&P 600 as it was no longer representative of the small-cap market space.[74]
"March 20, 2023",DY,Dycom Industries,HT,Hersha Hospitality Trust,DY was moved from the S&P 400 as it was more representative of the small cap market space. HT was removed from the S&P 600 as it was no longer representative of the small-cap market space.[74]
"March 20, 2023",WAFD,"WaFd, Inc.",SRDX,Surmodics,WAFD was moved from the S&P 400 as it was more representative of the small cap market space. SRDX was removed from the S&P 600 as it was no longer representative of the small-cap market space.[74]
"March 20, 2023",VSAT,Viasat,ORGO,Organogenesis,VSAT was moved from the S&P 400 as it was more representative of the small cap market space. ORGO was removed from the S&P 600 as it was no longer representative of the small-cap market space.[74]
"March 20, 2023",CBRL,Cracker Barrel,UIS,Unisys,CBRL was moved from the S&P 400 as it was more representative of the small cap market space. UIS was removed from the S&P 600 as it was no longer representative of the small-cap market space.[74]
"March 20, 2023",SLG,SL Green Realty,PNTG,Pennant Group,SLG was moved from the S&P 400 as it was more representative of the small cap market space. PNTG was removed from the S&P 600 as it was no longer representative of the small-cap market space.[74]
"March 20, 2023",RDN,Radian Group,UEIC,Universal Electronics Inc,RDN replaced UEIC which was no longer representative of the small-cap market space.[74]
"March 20, 2023",NEX,NexTier Oilfield Solutions,MPAA,Motorcar Parts of America,NEX replaced MPAA which was no longer representative of the small-cap market space.[74]
"March 20, 2023",AUB,Atlantic Union Bank,FSP,Franklin Street Properties Corp.,AUB replaced FSB which was no longer representative of the small-cap market space.[74]
"March 20, 2023",KW,Kennedy Wilson,WW,WW International,KW replaced WW which was no longer representative of the small-cap market space.[74]
"March 1, 2023",VRRM,Verra Mobility,COLB,Columbia Banking System,"VRRM replaced COLB which replaced Umpqua Holdings Corporation in the S&P 400. COLB acquired Umpqua Holdings and post-merger, COLB market cap was more representative of the mid-cap market space.[75]"
"February 23, 2023",OTTR,Otter Tail Corporation,UFP,UFP Industries,"OTTR replaced UFP which replaced LHC Group, Inc. in the S&P 400 after it was acquired by UnitedHealth Group.[76]"
"February 6, 2023",CRK,Comstock Resources,ADC,Agree Realty Corp.,CRK replaced ADC which replaced Store Capital in the S&P 400 after it was acquired by GIC and Oak Street.[77]
"February 2, 2023",NOG,Northern Oil and Gas,SJI,South Jersey Industries,NOG replaced SJI after it was acquired by Infrastructure Investments Fund.[78]
"January 31, 2023",DV,DoubleVerify,VIVO,Meridian Bioscience,DV replaced VIVO after it was acquired by SD Biosensor.[79]
"January 5, 2023",RXO,RXO,JYNT,The Joint Corp.,RXO was moved from the S&P 400 as it was more representative of the small cap market space. JYNT was removed from the S&P 600 as it was no longer representative of the small-cap market space.[80]
"December 19, 2022",MBC,MasterBrand,CONN,Conn's,MBC was spun off from Fortune Brands Innovations and replaced CONN which was no longer representative of the small-cap market space.[81]
"December 19, 2022",NUVA,NuVasive,TUP,Tupperware Brands,NUVA was moved from the S&P 400 as it was more representative of the small cap market space. TUP was removed from the S&P 600 as it was no longer representative of the small-cap market space.[82]
"December 19, 2022",SMTC,Semtech,DHC,Diversified Healthcare Trust,SMTC was moved from the S&P 400 as it was more representative of the small cap market space. DHC was removed from the S&P 600 as it was no longer representative of the small-cap market space.[82]
"December 19, 2022",CWK,Cushman & Wakefield,DBD,Diebold Nixdorf,CWK was moved from the S&P 400 as it was more representative of the small cap market space. DBD was removed from the S&P 600 as it was no longer representative of the small-cap market space.[82]
"December 19, 2022",SJW,SJW Group,CATO,Cato Corporation,SJW was moved from the S&P 400 as it was more representative of the small cap market space. CATO was removed from the S&P 600 as it was no longer representative of the small-cap market space.[82]
"December 19, 2022",AGTI,Agiliti,LL,LL Flooring,AGTI was moved from the S&P 400 as it was more representative of the small cap market space. LL was removed from the S&P 600 as it was no longer representative of the small-cap market space.[82]
"December 1, 2022",SABR,Sabre Corporation,FBC,Flagstar Bancorp,FBC was acquired by New York Community Bancorp. SABR was moved from the S&P 400 to replace it as it was more representative of the small cap market space.[83]
"December 1, 2022",NUS,Nu Skin Enterprises,PBF,PBF Energy,NUS was moved from the S&P 400 as it was more representative of the small cap market space. PBF was removed from the S&P 600 as it was no longer representative of the small-cap market space.[84]
"November 2, 2022",BFH,Bread Financial,UFI,Unifi,BFH was moved from the S&P 400 as it was more representative of the small cap market space. UFI was removed from the S&P 600 as it was no longer representative of the small-cap market space.[85]
"October 18, 2022",MLKN,MillerKnoll,CVET,Covetrus,"CVET was acquired by Clayton, Dubilier & Rice. MLKN was moved from the S&P 400 to replace it as it was more representative of the small cap market space.[86]"
"October 12, 2022",PAYO,Payoneer,LNTH,Lantheus Holdings,PAYO replaced LNTH which replaced Targa Resources in the S&P 400 after it was moved to the S&P 500.[87]
"October 3, 2022",HAIN,Hain Celestial Group,HNGR,"Hanger, Inc.","HNGR was acquired by Patient Square Capital, LP. HAIN was moved from the S&P 400 to replace it as it was more representative of the small cap market space.[88]"
"October 3, 2022",MCW,Mister Car Wash,EXLS,EXL Service Holdings,MCW replaced EXLS which replaced EQT Corp. in the S&P 400 after it was moved to the S&P 500.[89]
"October 3, 2022",XPER,"Xperi, Inc.",SLQT,SelectQuote,Xperi Holding Corporation spun off Xperi Incorporated. Post spin off both companies remained in the S&P 600 but Xperi Holding Corporation was renamed to Adeia Incorporated (Nasdaq: ADEA). SLQT was removed from the S&P 600 as it was no longer representative of the small-cap market space.[89]
"October 3, 2022",STEL,Stellar Bancorp,ABTX,Allegiance Bancshares,"ABTX was acquired by CBTX, Inc. and post merger the combined company changed its name and ticker symbol to Stellar Bancorp (Nasdaq: STEL).[89]"
"September 28, 2022",LESL,Leslie's,GCP,GCP Applied Technologies,LESL replaced GCP after it was acquired by Compagnie de Saint-Gobain S.A.[89]
"September 19, 2022",HPP,Hudson Pacific Properties,APEI,American Public Education,HPP was moved from the S&P 400 as it was more representative of the small cap market space. APEI was removed from the S&P 600 as it was no longer representative of the small-cap market space.[90]
"September 19, 2022",MCY,Mercury General,EHTH,eHealth,MCY was moved from the S&P 400 as it was more representative of the small cap market space. EHTH was removed from the S&P 600 as it was no longer representative of the small-cap market space.[90]
"September 19, 2022",AEO,American Eagle Outfitters,CAMP,CalAmp,AEO was moved from the S&P 400 as it was more representative of the small cap market space. CAMP was removed from the S&P 600 as it was no longer representative of the small-cap market space.[90]
"September 19, 2022",MTX,Minerals Technology,GLT,Glatfelter,MTX was moved from the S&P 400 as it was more representative of the small cap market space. GLT was removed from the S&P 600 as it was no longer representative of the small-cap market space.[90]
"September 19, 2022",OUT,Outfront Media,FOSL,Fossil Group,OUT was moved from the S&P 400 as it was more representative of the small cap market space. FOSL was removed from the S&P 600 as it was no longer representative of the small-cap market space.[90]
"September 15, 2022",CPRX,Catalyst Pharmaceuticals,MANT,ManTech International,CPRX replaced MANT after it was acquired by The Carlyle Group.[91]
"September 1, 2022",AVID,Avid Technology,POLY,Plantronics,AVID replaced POLY after it was acquired by HP Inc.[92]
"August 10, 2022",CLFD,Clearfield,CELH,Celsius Holdings,CLFD replaced CELH which replaced American Campus Communities in the S&P 400 after it was acquired by Blackstone Inc.[93]
"August 4, 2022",AHCO,AdaptHealth,MTOR,Meritor,AHCO replaced MTOR after it was acquired by Cummins.[94]
"July 26, 2022",SIX,Six Flags,NTUS,Natus Medical,NTUS was acquired by Archimed. SIX was moved from the S&P 400 to replace it as it was more representative of the small cap market space.[95]
"July 21, 2022",SHO,Sunstone Hotel Investors,VG,Vonage,SHO replaced VG after it was acquired by Ericsson.[96]
"July 20, 2022",GRBK,Green Brick Partners,COKE,Coca-Cola Bottling Co. Consolidated,GRBK replaced COKE which replaced PS Business Parks in the S&P 400 after it was acquired by Blackstone Inc.[97]
"July 6, 2022",FTDR,"Frontdoor, Inc.",SWN,Southwestern Energy,FTDR replaced SWN which replaced CDK Global in the S&P 400 after it was acquired by Brookfield Business Partners.[98]
"July 5, 2022",LRN,"Stride, Inc.",OMCL,Omnicell,"LRN replaced OMCL which replaced Coherent, Inc. in the S&P 400 after it was acquired by II-VI Incorporated.[98]"
"July 5, 2022",EHAB,"Enhabit, Inc.",LYLT,Loyalty Ventures,EHAB was spun off from S&P 400 constituent Encompass Health and replaced LYLT which was no longer representative of the small-cap market space.[98]
"July 5, 2022",SNCY,Sun Country Airlines,NP,"Neenah, Inc.","SNCY replaced NP after it was acquired by Schweitzer- Mauduit International, Inc.[98]"
"June 29, 2022",APPS,Digital Turbine,TVTY,Tivity Health,TVTY was acquired by Stone Point Capital LLC. APPS was moved from the S&P 400 to replace it as it was more representative of the small cap market space.[99]
"June 21, 2022",TRN,Trinity Industries,ENDP,Endo International,TRN was moved from the S&P 400 as it was more representative of the small cap market space. ENDP was removed from the S&P 600 as it was no longer representative of the small-cap market space.[100]
"June 21, 2022",YELP,Yelp,RRGB,Red Robin,YELP was moved from the S&P 400 as it was more representative of the small cap market space. RRGB was removed from the S&P 600 as it was no longer representative of the small-cap market space.[100]
"June 21, 2022",URBN,Urban Outfitters,TCMD,Tactile Systems Technology,URBN was moved from the S&P 400 as it was more representative of the small cap market space. TCMD was removed from the S&P 600 as it was no longer representative of the small-cap market space.[100]
"June 21, 2022",RAMP,LiveRamp,VRA,Vera Bradley,RAMP was moved from the S&P 400 as it was more representative of the small cap market space. VRA was removed from the S&P 600 as it was no longer representative of the small-cap market space.[100]
"June 21, 2022",IRWD,Ironwood Pharmaceuticals,GHL,Greenhill & Co.,IRWD replaced GHL which was no longer representative of the small-cap market space.[100]
"June 16, 2022",EYE,National Vision Holdings,REGI,Renewable Energy Group,EYE replaced REGI after it was acquired by Chevron Corporation.[101]
"May 19, 2022",AOSL,Alpha and Omega Semiconductor,IRT,Independence Realty Trust,"AOSL replaced IRT which replaced Mimecast in the S&P 400 after it was acquired by Permira Holdings, Inc.[102]"
"May 17, 2022",DVAX,Dynavax Technologies,EPAY,Bottomline Technologies,DVAX replaced EPAY after it was acquired by Thoma Bravo.[102]
"May 3, 2022",TPH,Tri Pointe Homes,ECOL,US Ecology,ECOL was acquired by Republic Services. TPH was moved from the S&P 400 to replace it as it was more representative of the small cap market space.[103]
"April 26, 2022",ATEN,A10 Networks,FOE,Ferro Corporation,"ATEN replaced FOE after it was acquired by Prince International Corp., a portfolio company of American Securities LLC.[104]"
"April 8, 2022",GOGO,"Gogo, Inc.",FLOW,"SPX FLOW, Inc.",GOGO replaced FLOW after it was acquired by Lone Star Funds.[105]
"April 7, 2022",RCUS,Arcus Biosciences,ISBC,"Investors Bancorp, Inc.",RCUS replaced ISBC after it was acquired by Citizens Financial Group.[106]
"April 6, 2022",PRG,PROG Holdings,FRGI,Fiesta Restaurant Group,PRG was moved from the S&P 400 to replace FRGI which was no longer representative of the small-cap market space.[107]
"April 4, 2022",VIR,Vir Biotechnology,MTDR,Matador Resources,VIR replaced MTDR which replaced Camden Property Trust in the S&P 400 after it was moved to the S&P 500.[108]
"April 4, 2022",EMBC,Embecta Corp.,BNED,"Barnes & Noble Education, Inc.","EMBC was spun off from S&P 500 constituent Becton, Dickinson and Company and replaced BNED which was no longer representative of the small-cap market space.[109]"
"March 30, 2022",SONO,Sonos,GTLS,"Chart Industries, Inc.",SONO replaced GTLS which replaced CyrusOne in the S&P 400 after it was acquired by Kohlberg Kravis Roberts and Global Infrastructure Partners.[109]
"March 16, 2022",ASO,Academy Sports + Outdoors,KRA,Kraton,"ASO replaced KRA after it was acquired by DL Chemical Co., Ltd.[110]"
"March 14, 2022",CRNC,Cerence,CPS,"Cooper-Standard Holdings, Inc.",CRNC was moved from the S&P 400 to replace CPS which was no longer representative of the small-cap market space.[111]
"March 2, 2022",GDEN,Golden Entertainment,RRC,Range Resources,GDEN replaced RRC which replaced Molina Healthcare in the S&P 400 after it was moved to the S&P 500.[112]
"March 2, 2022",ZIMV,ZimVie,TRHC,Tabula Rasa HealthCare,ZIMV was spun off from S&P 500 constituent Zimmer Biomet and replaced TRHC which was no longer representative of the small-cap market space.[113]
"February 18, 2022",UE,Urban Edge Properties,ONB,Old National Bancorp,"UE moved down from the S&P 400 and swapped places with ONB which moved up. ONB acquired First Midwest Bancorp and post-merger, ONB was more representative of the mid-cap market space. UE is more representative of the small-cap market space.[114]"
"February 18, 2022",CRSR,Corsair Gaming,FMBI,First Midwest Bancorp,CRSR replaced FMBI after it was acquired by Old National Bancorp.[114]
"February 15, 2022",XPEL,"XPEL, Inc.",PDCE,"PDC Energy, Inc.",XPEL replaced PDCE which replaced Nordson Corporation in the S&P 400 after it was moved to the S&P 500.[115]
"February 3, 2022",JACK,Jack in the Box,SPPI,Spectrum Pharmaceuticals,JACK was moved from the S&P 400 to replace SPPI which was no longer representative of the small-cap market space.[116]
"February 1, 2022",CMP,Compass Minerals,GWB,"Great Western Bancorp, Inc.",GWB was acquired by First Interstate BancSystem. CMP was moved from the S&P 400 to replace it as it was more representative of the small-cap market space.[116]
"February 1, 2022",TWNK,Hostess Brands,WTS,Watts Water Technologies,TWNK replaced WTS which replaced Sterling Bancorp in the S&P 400 after it was acquired by Webster Bank.[116]
"January 5, 2022",ITOS,iTeos Therapeutics,MGLN,Magellan Health,ITOS replaced MGLN after it was acquired by S&P 500 constituent Centene Corporation.[117]
"December 30, 2021",DOUG,Douglas Elliman,MTRX,Matrix Service Company,"DOUG was spun off from S&P 600 constituent Vector Group and replaced MTRX which was no longer representative of the small-cap market space. Post spin-off, Vector Group remained in the S&P 600.[118]"
"December 20, 2021",TR,Tootsie Roll Industries,M,"Macy's, Inc.",TR moved down from the S&P 400 and swapped places with M which moved up.[119]
"December 20, 2021",TDS,Telephone and Data Systems,VICR,Vicor Corporation,TDS moved down from the S&P 400 and swapped places with VICR which moved up.[119]
"December 20, 2021",NKTR,Nektar Therapeutics,POWI,Power Integrations,NKTR moved down from the S&P 400 and swapped places with POWI which moved up.[119]
"December 2, 2021",KAR,KAR Auction Services,MDP,Meredith Corporation,MDP was acquired in a two-step transaction by Gray Television and Dotdash. KAR was moved from the S&P 400 to replace it as it was more representative of the small cap market space.[120]
"December 2, 2021",CARS,Cars.com,DSPG,DSP Group,"CARS replaced DSPG after it was acquired by Synaptics, Inc.[120]"
"December 2, 2021",NVEE,NV5 Global,RAVN,Raven Industries,NVEE replaced RAVN after it was acquired by CNH Industrial.[120]
"November 30, 2021",EBS,Emergent BioSolutions,UFS,Domtar Corp.,UFS was acquired by Paper Excellence. EBS was moved from the S&P 400 to replace it as it was more representative of the small cap market space.[121]
"November 24, 2021",THRY,Thryv,ECHO,Echo Global Logistics,THRY replaced ECHO after it was acquired by The Jordan Company.[122]
"November 16, 2021",ONL,Orion Office REIT,DAKT,"Daktronics, Inc.",ONL was spun off from Realty Income and moved down to replace DAKT which was no longer representative of the small-cap market space.[123]
"November 9, 2021",LYLT,Loyalty Ventures,AAOI,Applied Optoelectronics,LYLT was spun off from Alliance Data and moved down to replace AAOI which was no longer representative of the small-cap market space.[124]
"November 5, 2021",NTCT,NetScout Systems,IVC,Invacare Corporation,NTCT moved down from the S&P 400 and replaced IVC which was no longer representative of the small-cap market space.[125]
"October 29, 2021",CDMO,Avid Biosciences,CADE,Cadence Bank,CDMO replaced CADE after it was acquired by BancorpSouth.[126]
"October 22, 2021",HRMY,Harmony Biosciences,RPAI,Retail Properties of America,HRMY replaced RPAI after it was acquired by Kite Realty Group Trust.[127]
"October 22, 2021",TREE,LendingTree,KRG,Kite Realty Group Trust,TREE moved down from the S&P 400 and swapped places with KRG which moved up. TREE has a market capitalization that is more representative of the small-cap market space.[127]
"October 19, 2021",FBRT,"Franklin BSP Realty Trust, Inc.",CMO,Capstead Mortgage Corporation,"After the close of trading on October 18, 2021, CMO ceased to be publicly traded on the New York Stock Exchange. At the open of trading on October 19, 2021, the combined company will trade on the NYSE under the ticker symbol FBRT.[128]"
"October 11, 2021",CCSI,Consensus Cloud Solutions,RGS,Regis Corporation,"CCSI was spun off from S&P 400 constituent J2 Global and moved down to replace RGS which was no longer representative of the small-cap market space. Post spin-off, J2 Global will remain in the S&P MidCap 400 and will change its name to Ziff Davis, Inc.[129]"
"October 4, 2021",OPRX,OptimizeRx Corp.,LDL,"Lydall, Inc.",OPRX replaced LDL after it was acquired by Clearlake Capital.[130]
"October 4, 2021",SLVM,Sylvamo,STMP,"Stamps.com, Inc.",SLVM was spun off from S&P 500 constituent International Paper and moved down to replace STMP which was acquired by Thoma Bravo.[131]
"September 20, 2021",WW,WW International,TISI,"Team, Inc",WW moved down from the S&P 400 and replaced TISI which was no longer representative of the small-cap market space.[132]
"September 20, 2021",MCSG,"Healthcare Services Group, Inc.",MSTR,"MicroStrategy, Inc.",MCSG moved down from the S&P 400 and replaced MSTR which was no longer representative of the small-cap market space.[132]
"September 20, 2021",QURE,uniQure N.V.,UIHC,United Insurance Holdings Corp.,QURE replaced UIHC which was no longer representative of the small-cap market space.[132]
"September 7, 2021",LGND,Ligand Pharmaceuticals,CBB,Cincinnati Bell,CBB was acquired by Macquarie Infrastructure and Real Assets. LGND was moved from the S&P 400 to replace it as it was more representative of the small cap market space.[133]
"September 3, 2021",THS,TreeHouse Foods,CORE,"Core-Mark Holding Company, Inc.",CORE was acquired by Performance Food Group. THS was moved from the S&P 400 to replace it as it was more representative of the small cap market space.[133]
"August 30, 2021",BLFS,BioLife Solutions,SAIA,"Saia, Inc.",BLFS replaced SAIA which replaced Bio-Techne in the S&P 400 after it was moved to the S&P 500.[134]
"August 30, 2021",CNK,Cinemark Holdings,USCR,U.S. Concrete,USCR was acquired by Vulcan Materials Company. CNK was moved from the S&P 400 to replace it as it was more representative of the small-cap market space.[134]
"August 30, 2021",TRMK,Trustmark Corp.,SYKE,Sykes Enterprises,SYKE was acquired by Sitel Group. TRMK was moved from the S&P 400 to replace it as it was more representative of the small-cap market space.[134]
"August 4, 2021",LKFN,Lakeland Financial Corp.,GME,GameStop Corp.,LKFN replaced GME which replaced Weingarten Realty Investors in the S&P 400 after it was acquired by Kimco Realty.[135]
"August 4, 2021",INT,World Fuel Services,SPOK,"Spok Holdings, Inc.",INT moved down from the S&P 400 and replaced SPOK which was no longer representative of the small-cap market space.[135]
"August 3, 2021",STRA,"Strategic Education, Inc.",BELFB,"Bel Fuse, Inc.",STRA moved down from the S&P 400 and replaced BELFB which was no longer representative of the small-cap market space.[135]
"July 15, 2021",MSEX,Middlesex Water Company,LMNX,Luminex Corporation,MSEX replaced LMNX after it was acquired by DiaSorin.[136]
"July 7, 2021",ATGE,Adtalem Global Education,BPFH,Boston Private Financial Holdings,ATGE moved down from the S&P 400 and replaced BPFH which was acquired by SVB Financial Group.[137]
"June 22, 2021",TWO,Two Harbors Investment Corp.,CATM,Cardtronics,TWO replaced CATM after it was acquired by NCR Corporation.[138]
"June 15, 2021",AMEH,"Apollo Medical Holdings, Inc.",ELY,Callaway Golf Company,AMEH replaced ELY which replaced Grubhub in the S&P 400 after it was acquired by Just Eat Takeaway.[139]
"June 10, 2021",SLQT,"SelectQuote, Inc.",CTB,Cooper Tire & Rubber Company,SLQT replaced CTB after it was acquired by Goodyear Tire and Rubber Company.[140]
"June 4, 2021",SVC,Service Properties Trust,LCI,"Lannett Company, Inc.",SVC moved down from the S&P 400 and replaced LCI which was no longer representative of the small-cap market space.[141]
"June 2, 2021",ORGO,Organogenesis Holdings Inc.,CROX,"Crocs, Inc.",ORGO replaced CROX which replaced Cantel Medical Corporation in the S&P 400 after it was acquired by Steris plc.[142]
"May 27, 2021",JYNT,The Joint Corp.,CUB,Cubic Corporation,JYNT replaced CUB after it was acquired by Veritas Capital.[143]
"May 17, 2021",AVNS,Avanos Medical,AEGN,Aegion Corp.,AEGN was acquired by New Mountain Capital. AVNS was moved from the S&P 400 to replace it as it was more representative of the small cap market space.[144]
"May 14, 2021",EFC,Ellington Financial,NSA,National Storage Affiliates Trust,EFC replaced NSA which replaced Charles River Laboratories in the S&P 400 after it was moved to the S&P 500.[144]
"May 7, 2021",TBBK,"The Bancorp, Inc.",RCM,R1 RCM,TBBK replaced RCM which replaced Perspecta Inc. in the S&P 400 after it was acquired by Veritas Capital.[145]
"May 3, 2021",GNW,Genworth Financial,GLUU,Glu Mobile,GLUU was acquired by Electronic Arts. GNW was moved from the S&P 400 to replace it as it was more representative of the small cap market space.[146]
"May 3, 2021",UTL,Unitil Corporation,WDR,Waddell & Reed,UTL replaced WDR after it was acquired by Macquarie Group.[146]
"April 20, 2021",UFS,Domtar Corp.,EGOV,NIC Inc.,EGOV was acquired component Tyler Technologies. UFS was moved from the S&P 400 to replace it as it was more representative of the small cap market space.[147]
"April 15, 2021",RILY,B. Riley Financial,MIK,The Michaels Companies,RILY replaced MIK after it was acquired by Apollo Global Management.[148]
"April 12, 2021",IDCC,InterDigital,CKH,SEACOR Holdings,CKH was acquired by American Industrial Partners. IDCC was moved from the S&P 400 to replace it as it was more representative of the small cap market space.[149]
"April 8, 2021",CARA,Cara Therapeutics,MTSC,MTS Systems Corporation,CARA replaced MTSC after it was acquired by Amphenol Corp.[150]
"March 30, 2021",OI,O-I Glass,HMSY,HMS Holdings,HMSY was acquired by Veritas Capital. OI was moved from the S&P 400 to replace it as it was more representative of the small cap market space.[151]
"March 22, 2021",VCEL,Vericel,QEP,QEP Resources,VCEL replaced QEP after it was acquired by Diamondback Energy.[152]
"March 22, 2021",EPC,Edgewell Personal Care,EXTN,Exterran Corporation,EPC moved down from the S&P 400 and replaced EXTN which was no longer representative of the small-cap market space.[153]
"March 1, 2021",WSFS,WSFS Financial,CLF,Cleveland-Cliffs,WSFS replaced CLF which replaced Eaton Vance in the S&P 400 after it was acquired by Morgan Stanley.[154]
"February 16, 2021",HNI,HNI Corporation,VRTU,Virtusa Corporation,VRTU was acquired by Baring Private Equity Asia. HNI was moved from the S&P 400 to replace it as it was more representative of the small cap market space.[155]
"February 12, 2021",COLL,Collegium Pharmaceutical,IRDM,Iridium Communications,COLL replaced IRDM which replaced Monolithic Power Systems in the S&P 400 after it was moved to the S&P 500.[156]
"February 10, 2021",ISBC,"Investors Bancorp, Inc.",BEAT,"BioTelemetry, Inc.",ISBC replaced BEAT after it was acquired by multinational comglomerate Koninklijke Philips N.V.[157]
"January 29, 2021",PBH,Prestige Consumer Healthcare,FBM,"Foundation Building Materials, Inc.",FBM was acquired by American Securities LLC. PBH was moved from the S&P 400 to replace it as it was more representative of the small cap market space.[158]
"January 21, 2021",HTH,Hilltop Holdings Inc.,YETI,Yeti Holdings,HTH replaced YETI which replaced Trimble Inc. in the S&P 400 after it was moved to the S&P 500.[159]
"January 7, 2021",CELH,Celsius Holdings,CPRI,Capri Holdings,CELH replaced CPRI which replaced Enphase Energy in the S&P 400 after it was moved to the S&P 500.[160]
"January 7, 2021",ELF,"e.l.f. Beauty, Inc.",BRKS,"Brooks Automation, Inc.",ELF replaced BRKS which replaced WPX Energy in the S&P 400 after it was acquired by Devon Energy Corp.[160]
"December 29, 2020",SMPL,The Simply Good Foods Co.,KNSL,Kinsale Capital Group,SMPL replaced KNSL which replaced Taubman Centers in the S&P 400 after it was acquired by Simon Property Group.[161]
"December 2, 2020",AMCX,AMC Networks,RRD,R.R. Donnelley & Sons,AMCX moved down from the S&P 400 and replaced RRD which was no longer representative of the small-cap market space.[162]
"December 2, 2020",AAN,"The Aaron's Company, Inc.",GEOS,Geospace Technologies,"AAN was spun off from S&P 400 parent Aaron's Holding Company, Inc. (NYSE: PRG) and moved down to replace GEOS which was no longer representative of the small-cap market space.[162]"
"November 13, 2020",FBNC,First Bancorp,AMAG,AMAG Pharmaceuticals,FBNC replaced AMAG after it was acquired by Covis Group.[163]
"November 13, 2020",GEO,GEO Group,GPOR,Gulfport Energy,GEO moved down from the S&P 400 and replaced GPOR which was no longer representative of the small-cap market space.[163]
"November 13, 2020",MD,Mednax,WPG,Washington Prime Group,MD moved down from the S&P 400 and replaced WPG which was no longer representative of the small-cap market space.[163]
"October 7, 2020",CFFN,Capitol Federal Savings Bank,NEOG,Neogen Corp.,CFFN replaced NEOG which replaced Pool Corp. in the S&P 400 after it was moved to the S&P 500.[164]
"October 7, 2020",AGO,Assured Guaranty,SSD,Simpson Manufacturing Company,"AGO replaced SSD which replaced Delphi Technologies in the S&P 400 after it was acquired by BorgWarner, Inc.[164]"
"October 7, 2020",RNST,Renasant Corp.,NR,"Newpark Resources, Inc.",RNST replaced NR which was no longer representative of the small-cap market space.[164]
"October 5, 2020",SBH,Sally Beauty Holdings,OAS,Oasis Petroleum,SBH moved down from the S&P 400 and replaced OAS which was no longer representative of the small-cap market space.[165]
"October 1, 2020",CPK,Chesapeake Utilities,MNTA,Momenta Pharmaceuticals,CPK replaced MNTA after it was acquired by Johnson & Johnson.[166]
"September 25, 2020",FLGT,Fulgent Genetics,GTX,Garrett Motion,FLGT replaced GTX which was no longer representative of the small-cap market space.[167]
"September 21, 2020",PBF,PBF Energy,WING,Wingstop,WING was moved from the S&P 600 to the S&P 400 replacing PBF which was moved from the S&P 400 to the S&P 600 based on market cap changes.[168]
"September 21, 2020",ATI,Allegheny Technologies,MEDP,Medpace,MEDP was moved from the S&P 600 to the S&P 400 replacing ATI which was moved from the S&P 400 to the S&P 600 based on market cap changes.[168]
"September 21, 2020",CLI,Mack-Cali Realty Corp.,FOXF,Fox Factory Holding Corp.,FOXF was moved from the S&P 600 to the S&P 400 replacing CLI which was moved from the S&P 400 to the S&P 600 based on market cap changes.[168]
"September 21, 2020",COOP,Mr. Cooper Group,EXPR,"Express, Inc.",COOP replaced EXPR which was no longer representative of the small-cap market space.[168]
"September 21, 2020",RCM,R1 RCM,PEI,Pennsylvania Real Estate,RCM replaced PEI which was no longer representative of the small-cap market space.[168]
"September 1, 2020",BKU,BankUnited,LAD,Lithia Motors,BKU replaced LAD which replaced LogMeIn in the S&P 400 after it was acquired by Francisco Partners and Elliott Management Corporation.[169]
"September 1, 2020",TRUP,Trupanion,REI,Ring Energy,TRUP replaced REI which was no longer representative of the small-cap market space.[169]
"August 17, 2020",FBK,FB Financial,FSB,Franklin Financial Network,FBK replaced FSB as Franklin Financial Network was acquired by FB Financial [170]
"August 17, 2020",CXW,CoreCivic,VAL,Valaris,CXW replaced VAL which was no longer representative of the small-cap market space.[171]
"August 3, 2020",BANF,BancFirst,RUN,Sunrun,BANF replaced RUN which was no longer representative of the small-cap market space.[172]
"August 3, 2020",DLX,Deluxe Corporation,EE,El Paso Electric,DLX replaced EE as El Paso Electric was acquired.[173]
"August 3, 2020",CRS,Carpenter Technology,CDR,Cedar Realty Trust,CRS replaced CDR which was no longer representative of the small-cap market space.[174]
"July 24, 2020",FHB,First Hawaiian Bank,EBS,Emergent BioSolutions,FHB replaced EBS which was no longer representative of the small-cap market space.[175]
"June 30, 2020",RPAI,Retail Properties of America Inc.,BLD,TopBuild,RPAI replaced BLD which was no longer representative of the small-cap market space.[176]
"June 30, 2020",BDN,Brandywine Realty Trust,BGG,Briggs & Stratton,BDN replaced BGG which was no longer representative of the small-cap market space.[177]
"June 25, 2020",EAT,Brinker International,AXE,Anixter,EAT replaced AXE as Anixter International was acquired by WESCO International.[178]
"June 22, 2020",DNOW,NOW Inc.,TLRD,Tailored Brands,DNOW replaced TLRD which was no longer representative of the small-cap market space.[179]
"June 22, 2020",CAKE,Cheesecake Factory,CBL,CBL & Associates Properties,CAKE replaced CBL which was no longer representative of the small-cap market space.[180]
"June 22, 2020",REZI,Resideo Technologies,HPR,HighPoint Resources,REZI replaced HPR which was no longer representative of the small-cap market space.[181]
"June 22, 2020",BSIG,BrightSphere Investment Group,TTI,TETRA Technologies,BSIG replaced TTI which was no longer representative of the small-cap market space.[182]
"June 22, 2020",BBBY,Bed Bath & Beyond,STRA,"Strategic Education, Inc.",BBBY replaced STRA which was no longer representative of the small-cap market space.[183]
"June 22, 2020",MTDR,Matador Resources,QLYS,Qualys,MTDR replaced QLYS which was no longer representative of the small-cap market space.[184]
"June 22, 2020",MDRX,Allscripts Healthcare Solutions,GBCI,Glacier Bancorp,MDRX replaced GBCI which was no longer representative of the small-cap market space.[185]
"June 1, 2020",DHC,Diversified Healthcare Trust,FG,FGL Holdings,DHC replaced FG as FGL Holdings was acquired by Fidelity National Financial.[186]
"June 1, 2020",SLP,Simulations Plus,TIVO,TiVo Inc.,SLP replaced TIVO as TiVo Inc. was acquired by Xperi.[187]
"June 1, 2020",PLMR,Palomar Holdings,LXU,LSB Industries,PLMR replaced LXU which was no longer representative of the small-cap market space.[188]
"June 1, 2020",CHRS,Coherus Biosciences,OPB,Opus Bank,CHRS replaced OPB as Opus Bank was acquired by Pacific Premier Bancorp.[189]
"June 1, 2020",PTEN,Patterson-UTI Energy,NE,Noble Corporation,PTEN replaced NE which was no longer representative of the small-cap market space.[190]
"May 22, 2020",HP,Helmerich & Payne,JCP,JCPenney,HP replaced JCP which filed for Chapter 11 bankruptcy.[191]
"May 12, 2020",CPRI,Capri Holdings,ACOR,Acorda Therapeutics,CPRI replaced ACOR which was no longer representative of the small-cap market space.[192]
"May 1, 2020",CLB,Core Laboratories,AKRX,Akorn,CLB replaced AKRX which filed for Chapter 11 bankruptcy.[193]
"May 1, 2020",MDP,Meredith Corporation,DO,Diamond Offshore Drilling,MDP replaced DO which filed for Chapter 11 bankruptcy.[194]
"April 17, 2020",YETI,YETI Holdings,LHCG,LHC Group,YETI replaced LHCG which was no longer representative of the small-cap market space.[195]
"February 13, 2020",ALEX,Alexander & Baldwin,DPLO,Diplomat Pharmacy,ALEX replaced DPLO as Diplomat Pharmacy was acquired by UnitedHealth Group.[196]
"February 13, 2020",CRMT,America's Car-Mart,CRCM,Care.com,CRMT replaced CRCM as Care.com was acquired by IAC.[197]
"February 6, 2020",GDOT,Green Dot Corporation,WLH,William Lyon Homes,GDOT replaced WLH as William Lyon Homes was acquired by Taylor Morrison.[198]
"February 4, 2020",RUN,Sunrun,DAR,Darling Ingredients,RUN replaced DAR which was no longer representative of the small-cap market space.[199]
"January 27, 2020",SKT,Tanger Factory Outlet Centers,MDR,McDermott International,SKT replaced MDR which filed for Chapter 11 bankruptcy.[200]
"January 2, 2020",FBM,Foundation Building Materials,RH,RH,FBM replaced RH which was no longer representative of the small-cap market space.[201]
"December 23, 2019",UNIT,Uniti Group,CRZO,Carrizo Oil & Gas,UNIT replaced CRZO as Carrizo Oil & Gas was acquired by Callon Petroleum Company.[202]
"December 23, 2019",OAS,Oasis Petroleum,UNIT,Unit Corp,OAS replaced UNIT which was no longer representative of the small-cap market space.[203]
"December 23, 2019",SWN,Southwestern Energy,FTR,Frontier Communications,SWN replaced FTR which was no longer representative of the small-cap market space.[204]
"December 17, 2019",PLT,Plantronics,VSI,Vitamin Shoppe,PLT replaced VSI as Vitamin Shoppe was acquired by Franchise Group.[205]
